{  
   "name":"Le Bunker",
   "targetUrl":"http://lebunker.net",
   "counter":false,
   "bounce":false,
   "width":1280,
   "height":800,
   "showMenuBar":false,
   "fastQuit":false,
   "userAgent":"Mozilla/5.0 (Windows NT 10.0; Win64; x64) AppleWebKit/537.36 (KHTML, like Gecko) Chrome/66.0.3359.181 Safari/537.36",
   "nativefierVersion":"7.6.12",
   "ignoreCertificate":false,
   "disableGpu":false,
   "ignoreGpuBlacklist":false,
   "enableEs3Apis":false,
   "insecure":false,
   "flashPluginDir":null,
   "diskCacheSize":null,
   "fullScreen":false,
   "maximize":false,
   "zoom":1,
   "internalUrls":null,
   "singleInstance":false,
   "clearCache":false,
   "appVersion":"0.0.1",
   "win32metadata":{  
      "ProductName":"Le Bunker",
      "InternalName":"Le Bunker",
      "FileDescription":"Le Bunker"
   },
   "tray":false,
   "basicAuthUsername":null,
   "basicAuthPassword":null,
   "alwaysOnTop":false,
   "titleBarStyle":null,
   "globalShortcuts":null
}
